year,preco_medio
2015,10979.35840427428
2016,9035.7533760683837
2017,8140.5370866829808
2018,9327.3037731481454