type,preco_medio
conventional,11170.026781722525
organic,7576.9552658116872